{"cameraMode":{"drawMode":0,"name":"Shaded","section":"Shading Mode"},"sceneLighting":true,"audioPlay":false,"sceneViewState":{"m_AlwaysRefresh":false,"showFog":true,"showSkybox":true,"showFlares":true,"showImageEffects":true,"showParticleSystems":true,"showVisualEffectGraphs":true,"m_FxEnabled":true},"in2DMode":false,"pivot":{"x":3.5067532062530519,"y":-2.799729108810425,"z":32.930877685546878},"rotation":{"x":-0.042052581906318668,"y":-0.040074579417705539,"z":0.001681151450611651,"w":-0.9984771013259888},"size":19.94843864440918,"orthographic":false}