{"cameraMode":{"drawMode":0,"name":"Shaded","section":"Shading Mode"},"sceneLighting":true,"audioPlay":false,"sceneViewState":{"m_AlwaysRefresh":false,"showFog":true,"showSkybox":true,"showFlares":true,"showImageEffects":true,"showParticleSystems":true,"showVisualEffectGraphs":true,"m_FxEnabled":true},"in2DMode":false,"pivot":{"x":-4.200310230255127,"y":-14.969552040100098,"z":32.101036071777347},"rotation":{"x":-0.18051272630691529,"y":0.05661563575267792,"z":-0.01041659340262413,"w":-0.9819138646125794},"size":23.44234848022461,"orthographic":false}