{"cameraMode":{"drawMode":0,"name":"Shaded","section":"Shading Mode"},"sceneLighting":true,"audioPlay":false,"sceneViewState":{"m_AlwaysRefresh":false,"showFog":true,"showSkybox":true,"showFlares":true,"showImageEffects":true,"showParticleSystems":true,"showVisualEffectGraphs":true,"m_FxEnabled":true},"in2DMode":false,"pivot":{"x":2.997230291366577,"y":-1.0047776699066163,"z":31.34137535095215},"rotation":{"x":-0.04079282656311989,"y":-0.01589040271937847,"z":0.000645747990347445,"w":-0.9990650415420532},"size":22.569705963134767,"orthographic":false}