{"cameraMode":{"drawMode":0,"name":"Shaded","section":"Shading Mode"},"sceneLighting":true,"audioPlay":false,"sceneViewState":{"m_AlwaysRefresh":false,"showFog":true,"showSkybox":true,"showFlares":true,"showImageEffects":true,"showParticleSystems":true,"showVisualEffectGraphs":true,"m_FxEnabled":true},"in2DMode":false,"pivot":{"x":-19.935747146606447,"y":-26.09659194946289,"z":278.9135437011719},"rotation":{"x":-0.052752573043107989,"y":0.03503899648785591,"z":-0.0018886890029534698,"w":-0.9980350732803345},"size":147.09686279296876,"orthographic":false}