{"cameraMode":{"drawMode":0,"name":"Shaded","section":"Shading Mode"},"sceneLighting":true,"audioPlay":false,"sceneViewState":{"m_AlwaysRefresh":false,"showFog":true,"showSkybox":true,"showFlares":true,"showImageEffects":true,"showParticleSystems":true,"showVisualEffectGraphs":true,"m_FxEnabled":true},"in2DMode":false,"pivot":{"x":-1.9449894428253174,"y":-1.5226629972457886,"z":17.865867614746095},"rotation":{"x":-0.09764999896287918,"y":0.015529271215200425,"z":-0.0014959510881453753,"w":-0.9952084422111511},"size":19.94843864440918,"orthographic":false}