{"cameraMode":{"drawMode":0,"name":"Shaded","section":"Shading Mode"},"sceneLighting":true,"audioPlay":false,"sceneViewState":{"m_AlwaysRefresh":false,"showFog":true,"showSkybox":true,"showFlares":true,"showImageEffects":true,"showParticleSystems":true,"showVisualEffectGraphs":true,"m_FxEnabled":true},"in2DMode":false,"pivot":{"x":7.424691677093506,"y":3.8013811111450197,"z":-0.4286155104637146},"rotation":{"x":-0.017662465572357179,"y":0.1922660917043686,"z":0.0034640775993466379,"w":0.9811848998069763},"size":5.485655784606934,"orthographic":false}